Nama Pelanggan,Nomor WA,Kota
Dewi Santoso,084332181960,Jakarta
Citra Permana,083890838637,Bali
Andi Putri,086542351161,Semarang
Laras Kusuma,084078161849,Semarang
Tono Permana,081034131647,Semarang
Fajar Pratama,085341928327,Malang
Ika Budiyanto,083503056413,Semarang
Gita Wicaksono,086724238849,Malang
Tono Saputra,085328710122,Malang
Uli Wijaya,086697848018,Bali
Kiki Wijaya,084627048281,Bali
Rina Kusuma,083252880957,Jakarta
Dewi Pratama,084303911718,Surabaya
Eka Wicaksono,088248963834,Malang
Laras Wicaksono,088713315098,Yogyakarta
Tono Permana,080103105183,Bali
Putu Permana,088299737631,Bandung
Nina Pratama,086670106513,Yogyakarta
Gita Budiyanto,087262473178,Bandung
Budi Budiyanto,080132677360,Surabaya
Maya Santoso,086474687234,Yogyakarta
Budi Kusuma,088050097882,Jakarta
Rina Wijaya,082191361939,Jakarta
Uli Wijaya,086998543534,Malang
Eka Harto,087510799118,Yogyakarta
Rina Harto,082513542784,Jakarta
Sari Harto,081241182449,Yogyakarta
Kiki Permana,084874016400,Semarang
Eka Harto,082786801128,Jakarta
Laras Kusuma,088262045053,Yogyakarta
Dewi Pratama,088692322602,Semarang
Nina Permana,084216073375,Bali
Hadi Permana,080365414586,Semarang
Andi Wijaya,084294019655,Malang
Uli Budiyanto,081693406088,Yogyakarta
Laras Saputra,081595148465,Malang
Joko Budiyanto,082366299468,Jakarta
Joko Harto,083699577738,Bogor
Fajar Wijaya,084895134332,Jakarta
Budi Permana,087917693676,Yogyakarta
Eka Santoso,081632870831,Bogor
Eka Wicaksono,088895798687,Surabaya
Putu Wicaksono,084348734714,Yogyakarta
Ika Pratama,085812236231,Malang
Nina Pratama,088760366909,Malang
Putu Santoso,085466889373,Bali
Nina Wicaksono,080656272980,Malang
Tono Kusuma,080162720465,Yogyakarta
Ochi Pratama,085646417080,Semarang
Hadi Wijaya,080033092327,Bandung
Tono Permana,087452991241,Jakarta
Joko Kusuma,086631931491,Jakarta
Laras Budiyanto,086518506716,Semarang
Ochi Putri,086284987769,Bali
Kiki Permana,081473799650,Bogor
Kiki Putri,087354549480,Yogyakarta
Citra Permana,086783777014,Yogyakarta
Maya Permana,084957885685,Semarang
Ochi Harto,084431351823,Yogyakarta
Putu Harto,089894134352,Bali
Andi Budiyanto,082400842710,Bali
Putu Wicaksono,087520471167,Bandung
Tono Santoso,082294131869,Yogyakarta
Rina Saputra,087749649909,Bandung
Gita Permana,084123281206,Bogor
Uli Wicaksono,084034471349,Yogyakarta
Nina Wijaya,088324210249,Bali
Ochi Wijaya,087464887719,Jakarta
Nina Pratama,089401399049,Jakarta
Fajar Wicaksono,088742967175,Malang
Kiki Pratama,081256746807,Bandung
Kiki Harto,085168087603,Semarang
Uli Wicaksono,087034824771,Jakarta
Uli Permana,082480861317,Bandung
Eka Wicaksono,084846773782,Malang
Gita Kusuma,088214658404,Bali
Tono Kusuma,087278755886,Bogor
Kiki Permana,083963605766,Surabaya
Putu Santoso,082895171870,Surabaya
Nina Putri,081745961586,Semarang
Putu Budiyanto,080913431611,Bogor
Fajar Harto,080050455623,Malang
Tono Putri,082219693792,Yogyakarta
Ochi Harto,087407482175,Bali
Nina Harto,087436713695,Bali
Joko Santoso,086409097439,Semarang
Hadi Permana,089421047095,Surabaya
Citra Harto,085623285884,Surabaya
Ika Wicaksono,084517123685,Bandung
Maya Santoso,084817549651,Yogyakarta
Putu Santoso,089859317461,Surabaya
Budi Santoso,084711382675,Malang
Tono Putri,086179640537,Bogor
Hadi Pratama,081585064317,Bandung
Gita Kusuma,080053293183,Yogyakarta
Hadi Pratama,082904228421,Jakarta
Eka Santoso,085395024026,Bandung
Citra Wicaksono,087589178390,Bali
Ochi Santoso,080766177115,Surabaya
Citra Putri,084998569847,Malang
Dewi Wijaya,088367365766,Bandung
Kiki Saputra,085452711116,Bandung
Laras Putri,088098851656,Jakarta
Joko Kusuma,084519832731,Semarang
Sari Pratama,081493689980,Bali
Andi Putri,084455022961,Surabaya
Andi Wijaya,088366752545,Bandung
Budi Putri,082901476797,Malang
Ika Permana,088156149784,Jakarta
Hadi Saputra,089003432445,Bandung
Andi Wicaksono,086226838851,Malang
Budi Saputra,080715969664,Bandung
Maya Santoso,085297516136,Malang
Rina Wijaya,086453521818,Yogyakarta
Laras Pratama,082312432921,Surabaya
Putu Wicaksono,089979955271,Bogor
Ochi Harto,084905814770,Jakarta
Laras Harto,081199867980,Bogor
Tono Permana,085978207151,Surabaya
Budi Permana,087788925546,Malang
Kiki Kusuma,080515186449,Surabaya
Kiki Wijaya,089254629148,Malang
Kiki Putri,088168505423,Semarang
Putu Permana,083221418880,Semarang
Uli Putri,089622292706,Semarang
Hadi Wicaksono,089473834735,Bogor
Ochi Harto,086886239240,Bogor
Laras Budiyanto,081814124782,Malang
Citra Permana,087506068536,Bandung
Laras Permana,080515220472,Bogor
Ochi Kusuma,080104328986,Bandung
Joko Permana,084103697117,Jakarta
Rina Kusuma,083246095396,Surabaya
Citra Budiyanto,085188888067,Jakarta
Maya Pratama,084051531952,Jakarta
Laras Budiyanto,085277221704,Yogyakarta
Budi Permana,080548687403,Bali
Laras Santoso,085415667652,Bogor
Putu Pratama,088416169284,Semarang
Dewi Wijaya,085447962757,Jakarta
Laras Kusuma,086401658202,Bogor
Budi Putri,081355690927,Semarang
Laras Wicaksono,081928565431,Jakarta
Fajar Wicaksono,088681447394,Bogor
Gita Wijaya,082172715518,Bali
Joko Putri,082583132370,Semarang
Sari Kusuma,085782911467,Malang
Nina Kusuma,081251778528,Surabaya
Eka Saputra,088018242253,Semarang
Rina Harto,081438424981,Surabaya
Tono Kusuma,082299590010,Bali
Gita Kusuma,086907844736,Bali
Ochi Wijaya,080276773592,Semarang
Kiki Pratama,086258815371,Bali
Ochi Permana,082104696325,Semarang
Gita Putri,087877470168,Bogor
Hadi Permana,089500479748,Jakarta
Dewi Saputra,082456506098,Yogyakarta
Laras Budiyanto,084168784991,Surabaya
Dewi Saputra,085585239868,Jakarta
Budi Santoso,082578729825,Semarang
Fajar Saputra,089495888794,Bogor
Andi Pratama,085169409749,Yogyakarta
Budi Kusuma,087289623091,Yogyakarta
Andi Wicaksono,085626368970,Surabaya
Rina Permana,088578652785,Semarang
Ika Kusuma,087334843443,Bogor
Kiki Wicaksono,085844198665,Surabaya
Joko Santoso,084157473384,Bali
Eka Wijaya,089933083301,Malang
Kiki Wicaksono,081208267734,Semarang
Joko Santoso,081938026206,Bogor
Fajar Harto,080049915478,Bogor
Eka Budiyanto,087431527420,Semarang
Joko Kusuma,083296685161,Surabaya
Eka Wicaksono,085304637454,Jakarta
Ika Pratama,083017426841,Bali
Laras Kusuma,083327279568,Bogor
Sari Permana,083918785191,Jakarta
Sari Budiyanto,083982258713,Bogor
Citra Budiyanto,087072867908,Bogor
Joko Santoso,086403910651,Jakarta
Citra Wicaksono,080462265676,Malang
Citra Budiyanto,082512868230,Jakarta
Joko Wicaksono,088686337524,Yogyakarta
Dewi Santoso,086903311907,Jakarta
Hadi Santoso,086738302843,Semarang
Tono Kusuma,085342836440,Surabaya
Nina Budiyanto,087056856624,Malang
Fajar Budiyanto,087334270866,Surabaya
Maya Permana,084351751830,Bali
Maya Kusuma,089013983735,Bali
Andi Permana,083173936385,Bali
Maya Wicaksono,088544587717,Semarang
Gita Pratama,085609320489,Malang
Joko Putri,083536937854,Bogor
Putu Wicaksono,082522872808,Jakarta
Citra Santoso,080623120387,Semarang
Budi Kusuma,089770088600,Bali
Sari Harto,080862118233,Bali
Laras Harto,086156793341,Jakarta
Citra Saputra,086687002176,Semarang
Tono Wijaya,088033974014,Jakarta
Fajar Pratama,080392614293,Malang
Sari Pratama,086218501631,Semarang
Uli Kusuma,089650477358,Malang
Nina Putri,089619431142,Malang
Eka Saputra,085511047541,Surabaya
Citra Putri,086788861015,Bandung
Uli Kusuma,085604661839,Surabaya
Maya Putri,082444721264,Malang
Joko Wicaksono,081543799371,Surabaya
Joko Santoso,086596575692,Bali
Kiki Kusuma,083752654793,Semarang
Maya Harto,086519398280,Bogor
Gita Wicaksono,084167243426,Malang
Citra Wicaksono,089796886805,Bandung
Dewi Permana,085290965610,Bandung
Ika Permana,088889937567,Surabaya
Laras Santoso,087146112545,Bogor
Gita Budiyanto,087571775140,Bandung
Andi Pratama,081238282586,Bogor
Hadi Saputra,082266093796,Malang
Andi Permana,083419182553,Bogor
Dewi Harto,087859696915,Semarang
Ochi Kusuma,082499125134,Bandung
Fajar Pratama,082866929662,Bogor
Sari Putri,088274225790,Semarang
Andi Wicaksono,082368876767,Bogor
Fajar Wijaya,089034043842,Bogor
Tono Wicaksono,088819148580,Bogor
Sari Permana,086134074517,Bandung
Hadi Permana,089596292330,Semarang
Sari Harto,089825449481,Surabaya
Nina Santoso,084223253672,Bali
Nina Saputra,087116845775,Jakarta
Citra Wicaksono,085186363745,Bali
Kiki Budiyanto,089297500170,Bandung
Fajar Wicaksono,087063242415,Bali
Citra Pratama,082064361103,Bogor
Citra Putri,089387005162,Bogor
Citra Permana,086111554262,Surabaya
Citra Budiyanto,089092753269,Bogor
Gita Wijaya,081219656523,Bali
Citra Permana,088999404389,Yogyakarta
Maya Harto,080376137918,Jakarta
Laras Pratama,082696582710,Bandung
Andi Harto,083006848666,Bandung
Sari Budiyanto,089241418328,Semarang
Maya Kusuma,081463031617,Jakarta
Joko Putri,081020275884,Surabaya
Laras Putri,084105648149,Bandung
Putu Wicaksono,088507925241,Bandung
Hadi Budiyanto,080003075622,Jakarta
Sari Saputra,083536541951,Jakarta
Fajar Permana,088061744518,Bogor
Andi Pratama,083494937597,Yogyakarta
Sari Permana,082060385050,Malang
Joko Wijaya,083836702410,Yogyakarta
Rina Saputra,085719182619,Jakarta
Nina Putri,083445655743,Bandung
Gita Putri,089121277561,Semarang
Gita Wicaksono,084741124903,Semarang
Eka Wijaya,083568044206,Bogor
Sari Budiyanto,083171210032,Yogyakarta
Maya Pratama,081994101372,Bandung
Kiki Wijaya,080702966706,Malang
Fajar Pratama,083244720999,Yogyakarta
Joko Wicaksono,086870146263,Yogyakarta
Sari Santoso,086578759856,Bali
Fajar Santoso,085930407859,Yogyakarta
Fajar Wijaya,083348039652,Surabaya
Hadi Kusuma,085590599293,Bogor
Sari Harto,082701039308,Bogor
Andi Pratama,089325250029,Surabaya
Dewi Budiyanto,085156915452,Surabaya
Nina Wicaksono,085289539264,Bali
Eka Putri,080969029593,Bandung
Putu Putri,085135521570,Bali
Gita Permana,081541006762,Malang
Putu Saputra,085861793271,Jakarta
Joko Santoso,085411526218,Bandung
Kiki Kusuma,089706296201,Semarang
Gita Permana,086884443106,Bogor
Eka Santoso,085061497310,Yogyakarta
Fajar Harto,081714677418,Malang
Fajar Pratama,086527047743,Bali
Tono Santoso,082115869380,Malang
Rina Saputra,088793741608,Surabaya
Dewi Wicaksono,082233206163,Surabaya
Uli Harto,085116868548,Bogor
Andi Kusuma,089861622999,Bandung
Dewi Kusuma,081485646799,Bogor
Budi Putri,084629960653,Jakarta
Putu Harto,085054447132,Bali
Ochi Pratama,084691373678,Semarang
Budi Budiyanto,082148628902,Yogyakarta
Gita Santoso,083070534578,Malang
Dewi Santoso,083579727985,Semarang
Fajar Harto,081406029333,Yogyakarta
Ika Saputra,088007229034,Bali
Ika Saputra,086574374896,Bandung
Andi Budiyanto,085899441715,Bali
Kiki Harto,084432830965,Surabaya
Andi Wicaksono,084466609935,Yogyakarta
Sari Wicaksono,085842824172,Bali
Sari Putri,085135346554,Bali
Ochi Wijaya,087099917381,Malang
Rina Harto,086022356972,Semarang
Fajar Wijaya,087525007432,Surabaya
Putu Wijaya,082966667600,Yogyakarta
Laras Santoso,085830033542,Bandung
Maya Budiyanto,089421044789,Semarang
Nina Putri,085753260332,Yogyakarta
Andi Kusuma,088215064890,Jakarta
Dewi Santoso,080167618472,Yogyakarta
Andi Harto,086184992618,Bandung
Joko Wijaya,081739348356,Bali
Fajar Santoso,088737530011,Bogor
Eka Wijaya,088114374470,Bandung
Fajar Santoso,084556110022,Semarang
Laras Wicaksono,089415521667,Bali
Maya Wicaksono,086212021697,Bogor
Fajar Kusuma,086590277167,Jakarta
Citra Harto,085089935889,Bandung
Nina Permana,087562890028,Bogor
Putu Putri,081753540838,Malang
Maya Permana,081779717751,Bogor
Andi Wijaya,086608801994,Yogyakarta
Ochi Pratama,085037589975,Bogor
Dewi Wijaya,083055488510,Surabaya
Putu Putri,086149331637,Yogyakarta
Kiki Wijaya,086091779827,Jakarta
Rina Santoso,088697829221,Malang
Uli Kusuma,085866934654,Bogor
Eka Putri,086984858333,Bali
Laras Putri,082885158799,Malang
Sari Harto,086081062003,Bali
Fajar Harto,084204380571,Yogyakarta
Sari Saputra,083840666580,Jakarta
Ika Permana,089735989334,Bogor
Fajar Wijaya,082281606484,Surabaya
Fajar Kusuma,084057202590,Bali
Putu Kusuma,088515832818,Surabaya
Nina Budiyanto,088615335554,Yogyakarta
Uli Budiyanto,087801573993,Jakarta
Kiki Saputra,081648408588,Bogor
Putu Santoso,084358112880,Bandung
Gita Permana,086138612075,Jakarta
Citra Wijaya,080248193466,Bogor
Maya Saputra,085061809190,Bandung
Laras Budiyanto,081449147660,Bogor
Fajar Budiyanto,083268424508,Surabaya
Dewi Santoso,080996881435,Yogyakarta
Nina Budiyanto,082223943129,Jakarta
Sari Wicaksono,088141413975,Semarang
Eka Permana,081491357759,Bali
Tono Putri,089955620533,Malang
Ika Pratama,082577754781,Surabaya
Uli Wijaya,084283411080,Malang
Tono Permana,080848872563,Bali
Eka Wicaksono,088816580392,Surabaya
Ochi Putri,082992750373,Bandung
Ika Pratama,083038567700,Semarang
Dewi Budiyanto,084498926659,Bandung
Rina Harto,086386557790,Surabaya
Ochi Putri,083184322259,Bandung
Hadi Saputra,085177739260,Yogyakarta
Budi Putri,089922809202,Bali
Fajar Budiyanto,086990413797,Bogor
Fajar Permana,086929298425,Bogor
Uli Kusuma,081366210388,Malang
Eka Kusuma,081279908811,Bogor
Eka Kusuma,088068650863,Bogor
Maya Pratama,089916247314,Malang
Ika Permana,080098180635,Malang
Laras Wijaya,082694486959,Bali
Maya Permana,086887258874,Bali
Tono Pratama,086213721386,Semarang
Sari Kusuma,080260127961,Bandung
Ika Permana,085190669849,Jakarta
Fajar Wicaksono,087038430988,Yogyakarta
Uli Putri,080530214656,Malang
Tono Permana,088011848955,Bali
Hadi Kusuma,083769042681,Bandung
Rina Harto,085184894769,Bogor
Hadi Pratama,087790714163,Yogyakarta
Kiki Saputra,085880434165,Bandung
Sari Putri,087553942373,Yogyakarta
Hadi Harto,083333952111,Bogor
Uli Santoso,088075957947,Surabaya
Rina Harto,086392086780,Semarang
Maya Putri,087187500369,Bandung
Kiki Pratama,089428434795,Semarang
Fajar Wicaksono,086365564729,Surabaya
Tono Permana,081438663227,Jakarta
Fajar Saputra,087288574489,Jakarta
Maya Wijaya,082034717545,Semarang
Sari Budiyanto,084506159399,Surabaya
Joko Pratama,085877169472,Surabaya